<?xml version="1.0" encoding="utf-8" standalone="no"?>
<manifest identifier="com.TestCompany.TestCourse.b20c1dfc-1ffc-4ad1-875f-17120c0daf9c" version="1" xmlns:adlnav="http://www.adlnet.org/xsd/adlnav_v1p3" xmlns="http://www.imsglobal.org/xsd/imscp_v1p1" xmlns:adlseq="http://www.adlnet.org/xsd/adlseq_v1p3" xmlns:imsss="http://www.imsglobal.org/xsd/imsss" xmlns:adlcp="http://www.adlnet.org/xsd/adlcp_v1p3" xmlns:xsi="http://www.w3.org/2001/XMLSchema-instance" xsi:schemaLocation="http://www.imsglobal.org/xsd/imscp_v1p1 imscp_v1p1.xsd http://www.adlnet.org/xsd/adlcp_v1p3 adlcp_v1p3.xsd http://www.adlnet.org/xsd/adlseq_v1p3 adlseq_v1p3.xsd http://www.adlnet.org/xsd/adlnav_v1p3 adlnav_v1p3.xsd http://www.imsglobal.org/xsd/imsss imsss_v1p0.xsd">
  <metadata>
    <schema>ADL SCORM</schema>
    <schemaversion>2004 4th Edition</schemaversion>
    <adlcp:location>metadata.xml</adlcp:location>
  </metadata>
  <organizations default="Test_Company">
    <organization identifier="Test_Company">
      <title>Test Course</title>
      <item identifier="item_00" identifierref="resource_00">
        <title>Test Course</title>
        <imsss:sequencing>
          <imsss:objectives>
            <imsss:primaryObjective objectiveID="PRIMARYOBJ" satisfiedByMeasure="true">
              <imsss:minNormalizedMeasure>0.8</imsss:minNormalizedMeasure>
            </imsss:primaryObjective>
          </imsss:objectives>
          <imsss:deliveryControls completionSetByContent="true" objectiveSetByContent="true"/>
        </imsss:sequencing>
        <metadata>
          <schema>ADL SCORM</schema>
          <schemaversion>2004 4th Edition</schemaversion>
          <adlcp:location>metadata.xml</adlcp:location>
        </metadata>
      </item>
      <metadata>
        <schema>ADL SCORM</schema>
        <schemaversion>2004 4th Edition</schemaversion>
        <adlcp:location>metadata.xml</adlcp:location>
      </metadata>
      <imsss:sequencing>
        <imsss:controlMode choice="true" flow="true"/>
      </imsss:sequencing>
    </organization>
  </organizations>
  <resources>
    <metadata>
      <schema>ADL SCORM</schema>
      <schemaversion>2004 4th Edition</schemaversion>
      <adlcp:location>metadata.xml</adlcp:location>
    </metadata>
    <resource identifier="resource_00" type="webcontent" href="index.html" adlcp:scormType="sco">
      <metadata>
        <schema>ADL SCORM</schema>
        <schemaversion>2004 4th Edition</schemaversion>
        <adlcp:location>metadata.xml</adlcp:location>
      </metadata>
      <file href="adapt/css/adapt.css"/>
      <file href="adapt/css/assets/ajax-loader.gif"/>
      <file href="adapt/css/assets/backgroundA-mobile.jpg"/>
      <file href="adapt/css/assets/backgroundA.jpg"/>
      <file href="adapt/css/assets/backgroundB-mobile.jpg"/>
      <file href="adapt/css/assets/backgroundB.jpg"/>
      <file href="adapt/css/assets/backgroundC-mobile.jpg"/>
      <file href="adapt/css/assets/backgroundC.jpg"/>
      <file href="adapt/css/assets/blank-bg-900.jpg"/>
      <file href="adapt/css/assets/blank-bg.jpg"/>
      <file href="adapt/css/assets/transparency-dark.png"/>
      <file href="adapt/css/assets/transparency-light.png"/>
      <file href="adapt/css/fonts/selection.json"/>
      <file href="adapt/css/fonts/vanilla.eot"/>
      <file href="adapt/css/fonts/vanilla.woff"/>
      <file href="adapt/js/adapt.min.js"/>
      <file href="adapt/js/scriptLoader.js"/>
      <file href="course/config.json"/>
      <file href="course/en/articles.json"/>
      <file href="course/en/assets.json"/>
      <file href="course/en/blocks.json"/>
      <file href="course/en/components.json"/>
      <file href="course/en/contentObjects.json"/>
      <file href="course/en/course.json"/>
      <file href="index.html"/>
      <file href="libraries/backbone.controller.js"/>
      <file href="libraries/backbone.min.js"/>
      <file href="libraries/bowser.js"/>
      <file href="libraries/consoles.min.js"/>
      <file href="libraries/enum.js"/>
      <file href="libraries/es5-shim.min.js"/>
      <file href="libraries/handlebars.min.js"/>
      <file href="libraries/imageReady.js"/>
      <file href="libraries/inview.js"/>
      <file href="libraries/jquery.a11y.js"/>
      <file href="libraries/jquery.min.js"/>
      <file href="libraries/jquery.mobile.custom.js"/>
      <file href="libraries/jquery.v2.min.js"/>
      <file href="libraries/json2.min.js"/>
      <file href="libraries/modernizr.js"/>
      <file href="libraries/require.min.js"/>
      <file href="libraries/scrollTo.min.js"/>
      <file href="libraries/underscore.min.js"/>
      <file href="libraries/velocity.min.js"/>
      <file href="templates.js"/>
    </resource>
  </resources>
</manifest>