[{"title":"Page title","displayTitle":"Page title","body":"<p>Welcome to the demonstration build for version 4 of the Adapt framework.<br /><br />The focus of this release has been on accessibility, which has been updated to provide a greatly improved experience for users of assistive technology - most noticeably by removing the need to have an 'accessibility mode'.</p>","_classes":"","pageBody":"<p>home</p>","linkText":"View","duration":"Duration: 2 mins","_lockedBy":[],"_lockType":"","_isOptional":false,"_isAvailable":true,"_isHidden":false,"_isVisible":true,"_id":"5cd2b8b8b7c3892db0b02a22","_parentId":"5cd2d606b7c3892db0b02a36","_type":"page","_graphic":{"alt":"","src":""},"_onScreen":{"_isEnabled":false,"_classes":"","_percentInviewVertical":50},"_pageLevelProgress":{"_isEnabled":true,"_showPageCompletion":true,"_excludeAssessments":false}},{"title":"Communication","displayTitle":"Communication","body":"","_classes":"","pageBody":"","linkText":"Просмотр","duration":"","_lockedBy":[],"_lockType":"","_isOptional":false,"_isAvailable":true,"_isHidden":false,"_isVisible":true,"_id":"5cd3fc1f3308071834d50dbd","_parentId":"course","_type":"menu","_graphic":{"alt":"","src":""},"_onScreen":{"_isEnabled":false,"_classes":"","_percentInviewVertical":50},"_pageLevelProgress":{"_isEnabled":true,"_showPageCompletion":true,"_excludeAssessments":false}},{"title":"Introduction","displayTitle":"Introduction","body":"","_classes":"","pageBody":"","linkText":"Просмотр","duration":"","_lockedBy":[],"_lockType":"","_isOptional":false,"_isAvailable":true,"_isHidden":false,"_isVisible":true,"_id":"5cd3fcb83308071834d50dbe","_parentId":"5cd3fc1f3308071834d50dbd","_type":"page","_graphic":{"alt":"","src":""},"_onScreen":{"_isEnabled":false,"_classes":"","_percentInviewVertical":50},"_pageLevelProgress":{"_isEnabled":true,"_showPageCompletion":true,"_excludeAssessments":false}},{"title":"Page title","displayTitle":"Page title","body":"","_classes":"","pageBody":"","linkText":"View","duration":"","_lockedBy":[],"_lockType":"custom","_isOptional":false,"_isAvailable":true,"_isHidden":false,"_isVisible":true,"_id":"5cd2b8b7b7c3892db0b02a1f","_parentId":"course","_type":"page","_graphic":{"alt":"","src":""},"_onScreen":{"_isEnabled":false,"_classes":"","_percentInviewVertical":50},"_pageLevelProgress":{"_isEnabled":true,"_showPageCompletion":true,"_excludeAssessments":true}},{"title":"Section title","displayTitle":"Section title","body":"","_classes":"","pageBody":"","linkText":"View","duration":"","_lockedBy":["5cd2dafdb7c3892db0b02a39","5cd2b8b7b7c3892db0b02a1f"],"_lockType":"custom","_isOptional":false,"_isAvailable":true,"_isHidden":false,"_isVisible":true,"_id":"5cd2d606b7c3892db0b02a36","_parentId":"course","_type":"menu","_graphic":{"alt":"","src":""},"_onScreen":{"_isEnabled":false,"_classes":"","_percentInviewVertical":50},"_pageLevelProgress":{"_isEnabled":true,"_showPageCompletion":true,"_excludeAssessments":false}}]