{"_globals":{"_components":{"_accordion":{"ariaRegion":"This component is an accordion comprised of collapsible content panels containing display text. Select the item titles to toggle the visibility of these content panels."},"_text":{"ariaRegion":""},"_textinput":{"ariaRegion":"Text input. Type your answer and then submit."},"_matching":{"ariaRegion":"Matching. Select from lists and then submit."},"_mcq":{"ariaRegion":"This is a multiple choice question. Once you have selected an option, select the submit button below"},"_hotgraphic":{"ariaRegion":"Below is a component which allows you to select hot spots over an image. Select a hot spot to trigger a popup that includes an image with display text. Select the close button to close the popup.","ariaPopupLabel":"Hotgraphic popup"},"_narrative":{"ariaRegion":"This component displays an image gallery with accompanying text. Use the next and back navigation controls to work through the narrative."}},"_extensions":{"_pageLevelProgress":{"pageLevelProgress":"Page sections","pageLevelProgressIndicatorBar":"Progress bar. Select here to view your current progress, and select an item to navigate to it. You have completed ","pageLevelProgressMenuBar":"You have completed ","pageLevelProgressEnd":"You have reached the end of the list of page sections.","optionalContent":"Optional Content"},"_resources":{"resources":"Additional resources."}},"_menu":{"_boxmenu":{"ariaRegion":"Menu","durationLabel":"Duration:","menuItem":"Menu item.","menuEnd":"You have reached the end of the menu."}},"_accessibility":{"accessibilityToggleTextOn":"Turn accessibility on?","accessibilityToggleTextOff":"Turn accessibility off?","skipNavigationText":"Свернуть меню","_accessibilityInstructions":{"touch":"Usage instructions. Use swipe left for next. Use swipe right for previous. Use a double tap to select. Use a two finger slide up to go to the top of the page.","notouch":"Usage instructions. Use tab for next. Use shift tab for previous. Use enter to select. Use escape to go to the top of the page.","ipad":"Usage instructions for touchscreens. Use swipe left for next. Use swipe right for previous. Use a double tap to select. Use a two finger slide up to go to the top of the page. Usage instructions for keyboard access. Use left for next. Use right for previous. Use up and down together to select."},"_ariaLabels":{"navigation":"Навигация по курсу","skipNavigation":"Свернуть навигацию","menuLoaded":"Загрузка меню","page":"Страница","pageLoaded":"Страница загружена","previous":"Назад","navigationDrawer":"Открыть материалы курса и поиск","drawer":"Side drawer","closePopup":"Закрыть окно","next":"Следующий","done":"Готово","complete":"Завершен","incomplete":"Не завершен","correct":"Правильно","incorrect":"Неправильно","locked":"Закрыто","accessibilityToggleButton":"By selecting this button you can set whether accessibility is turned on or off","feedbackPopUp":"Окно открыто","visited":"Просмотрено","menuIndicatorHeading":"Menu item heading "}}},"title":"Английский язык","displayTitle":"Английский язык","body":"","description":"","_latestTrackingId":10,"_buttons":{"_submit":{"buttonText":"Submit","ariaLabel":"Submit"},"_reset":{"buttonText":"Reset","ariaLabel":"Reset"},"_showCorrectAnswer":{"buttonText":"Show correct answer","ariaLabel":"Show correct answer"},"_hideCorrectAnswer":{"buttonText":"Hide correct answer","ariaLabel":"Hide correct answer"},"_showFeedback":{"buttonText":"Show feedback","ariaLabel":"Show feedback"},"remainingAttemptsText":"remaining attempts","remainingAttemptText":"final attempt","disabledAriaLabel":"This button is disabled at the moment"},"_classes":"","_lockType":"custom","_id":"course","_start":{"_isEnabled":true,"_startIds":[],"_force":false,"_isMenuDisabled":false},"_type":"course","themeVariables":{"_colors":{"primary-color":"#00ad78","primary-color-inverted":"#ffffff","secondary-color":"#4b4e4f","secondary-color-inverted":"#ffffff","tertiary-color":"#ffffff","tertiary-color-inverted":"#ffffff","quaternary-color":"#37474f","quaternary-color-inverted":"#ffffff","foreground-color":"#ffffff","background-color":"#00d996","foreground-color-inverted":"#ffffff","background-color-inverted":"#546e7a","validation-error":"#f26c4f","validation-success":"#82ca9c","disabled-color":"#727272","disabled-color-inverted":"#cccccc"}},"_pageLevelProgress":{"_isEnabled":true,"_showPageCompletion":true},"_resources":{"_isEnabled":true,"_drawerOrder":0,"title":"Resources","description":"Click here to view resources for this course","_filterButtons":{"all":"All","document":"Documents","media":"Media","link":"Links"},"_filterAria":{"allAria":"View all resources","documentAria":"View document resources","mediaAria":"View media resources","linkAria":"View resource links"},"_resourcesItems":[]}}